state,action,reward,next_state,done
"4.2017329876680725,-1.2720446134996872,1.0,4.332771742149131,1.7483255346727316,2.0,8.108999516025207,-0.8507949795461286,1.0,8.501197074495225,2.242025618644214,2.0","0.0,0.0",-0.00840645714995869,"4.201754093170166,-1.272030234336853,1.0,4.332780838012695,1.7483441829681396,2.0,8.109020233154297,-0.8507591485977173,1.0,8.501204490661621,2.242063045501709,2.0",0
"4.201754093170166,-1.272030234336853,1.0,4.332780838012695,1.7483441829681396,2.0,8.109020233154297,-0.8507591485977173,1.0,8.501204490661621,2.242063045501709,2.0","0.0,0.0",-0.0033292057958197903,"4.201775550842285,-1.2720147371292114,1.0,4.332789897918701,1.7483614683151245,2.0,8.109040260314941,-0.8507264256477356,1.0,8.501211166381836,2.2420976161956787,2.0",0
"4.201775550842285,-1.2720147371292114,1.0,4.332789897918701,1.7483614683151245,2.0,8.109040260314941,-0.8507264256477356,1.0,8.501211166381836,2.2420976161956787,2.0","0.0,0.0",-0.0025392895472840776,"4.201797008514404,-1.2719985246658325,1.0,4.332798957824707,1.7483779191970825,2.0,8.10905933380127,-0.8506940603256226,1.0,8.50121784210205,2.242131233215332,2.0",0
"4.201797008514404,-1.2719985246658325,1.0,4.332798957824707,1.7483779191970825,2.0,8.10905933380127,-0.8506940603256226,1.0,8.50121784210205,2.242131233215332,2.0","0.0,0.0",-0.002147457115510466,"4.201817989349365,-1.271982192993164,1.0,4.3328070640563965,1.7483952045440674,2.0,8.109078407287598,-0.8506617546081543,1.0,8.50122356414795,2.2421655654907227,2.0",0
"4.201817989349365,-1.271982192993164,1.0,4.3328070640563965,1.7483952045440674,2.0,8.109078407287598,-0.8506617546081543,1.0,8.50122356414795,2.2421655654907227,2.0","0.0,0.0",-0.001903890544715077,"4.201838493347168,-1.2719658613204956,1.0,4.332815647125244,1.748412013053894,2.0,8.109097480773926,-0.850629448890686,1.0,8.501230239868164,2.242199420928955,2.0",0
"4.201838493347168,-1.2719658613204956,1.0,4.332815647125244,1.748412013053894,2.0,8.109097480773926,-0.850629448890686,1.0,8.501230239868164,2.242199420928955,2.0","1.0,0.0",0.3058467488476874,"4.182122707366943,-1.2719515562057495,1.0,4.313087463378906,1.7484296560287476,2.0,8.089380264282227,-0.8506003022193909,1.0,8.481500625610352,2.242229700088501,2.0",0
"4.182122707366943,-1.2719515562057495,1.0,4.313087463378906,1.7484296560287476,2.0,8.089380264282227,-0.8506003022193909,1.0,8.481500625610352,2.242229700088501,2.0","1.0,0.0",0.21287041583608435,"4.142275333404541,-1.271949052810669,1.0,4.2732367515563965,1.7484291791915894,2.0,8.049531936645508,-0.8505949378013611,1.0,8.441649436950684,2.2422358989715576,2.0",0
"4.142275333404541,-1.271949052810669,1.0,4.2732367515563965,1.7484291791915894,2.0,8.049531936645508,-0.8505949378013611,1.0,8.441649436950684,2.2422358989715576,2.0","1.0,0.0",0.20856043603528363,"4.082348823547363,-1.27195405960083,1.0,4.21331262588501,1.7484239339828491,2.0,7.98960542678833,-0.8506021499633789,1.0,8.381726264953613,2.2422285079956055,2.0",0
"4.082348823547363,-1.27195405960083,1.0,4.21331262588501,1.7484239339828491,2.0,7.98960542678833,-0.8506021499633789,1.0,8.381726264953613,2.2422285079956055,2.0","1.0,0.0",0.20711458702206753,"4.002380847930908,-1.2719683647155762,1.0,4.133353233337402,1.748409390449524,2.0,7.90963888168335,-0.8506274223327637,1.0,8.30176830291748,2.2422022819519043,2.0",0
"4.002380847930908,-1.2719683647155762,1.0,4.133353233337402,1.748409390449524,2.0,7.90963888168335,-0.8506274223327637,1.0,8.30176830291748,2.2422022819519043,2.0","1.0,0.0",0.2063478287023316,"3.902435302734375,-1.2719905376434326,1.0,4.033422470092773,1.7483863830566406,2.0,7.809695720672607,-0.85066819190979,1.0,8.201839447021484,2.242159605026245,2.0",0
"3.902435302734375,-1.2719905376434326,1.0,4.033422470092773,1.7483863830566406,2.0,7.809695720672607,-0.85066819190979,1.0,8.201839447021484,2.242159605026245,2.0","1.0,0.0",0.20579423050201462,"3.782644748687744,-1.2719520330429077,1.0,3.9136013984680176,1.7484259605407715,2.0,7.6899003982543945,-0.8505903482437134,1.0,8.082013130187988,2.2422409057617188,2.0",0
"3.782644748687744,-1.2719520330429077,1.0,3.9136013984680176,1.7484259605407715,2.0,7.6899003982543945,-0.8505903482437134,1.0,8.082013130187988,2.2422409057617188,2.0","1.0,0.0",0.20518243247300494,"3.6431148052215576,-1.2720293998718262,1.0,3.7741353511810303,1.748346209526062,2.0,7.550379753112793,-0.850750744342804,1.0,7.9425578117370605,2.242072582244873,2.0",0
"3.6431148052215576,-1.2720293998718262,1.0,3.7741353511810303,1.748346209526062,2.0,7.550379753112793,-0.850750744342804,1.0,7.9425578117370605,2.242072582244873,2.0","1.0,0.0",0.2045163864258186,"3.483961820602417,-1.2720887660980225,1.0,3.6150479316711426,1.7482779026031494,2.0,7.391231060028076,-0.8508832454681396,1.0,7.783475875854492,2.2419261932373047,2.0",0
"3.483961820602417,-1.2720887660980225,1.0,3.6150479316711426,1.7482779026031494,2.0,7.391231060028076,-0.8508832454681396,1.0,7.783475875854492,2.2419261932373047,2.0","1.0,0.0",0.2038966652165466,"3.3058903217315674,-1.2718392610549927,1.0,3.4367878437042236,1.7485263347625732,2.0,7.213137149810791,-0.8503966927528381,1.0,7.605189323425293,2.2424278259277344,2.0",0
"3.3058903217315674,-1.2718392610549927,1.0,3.4367878437042236,1.7485263347625732,2.0,7.213137149810791,-0.8503966927528381,1.0,7.605189323425293,2.2424278259277344,2.0","1.0,0.0",0.2035463433350313,"3.108837842941284,-1.271018385887146,1.0,3.2390241622924805,1.749391794204712,2.0,7.015969276428223,-0.848651111125946,1.0,7.40729284286499,2.2442798614501953,2.0",0
"3.108837842941284,-1.271018385887146,1.0,3.2390241622924805,1.749391794204712,2.0,7.015969276428223,-0.848651111125946,1.0,7.40729284286499,2.2442798614501953,2.0","1.0,0.0",0.18891359666286833,"2.9074273109436035,-1.2711399793624878,1.0,3.0377581119537354,1.7492640018463135,2.0,6.814595699310303,-0.8489704728126526,1.0,7.20606803894043,2.243941307067871,2.0",0
"2.9074273109436035,-1.2711399793624878,1.0,3.0377581119537354,1.7492640018463135,2.0,6.814595699310303,-0.8489704728126526,1.0,7.20606803894043,2.243941307067871,2.0","1.0,0.0",0.17485507405654266,"2.7061033248901367,-1.271496295928955,1.0,2.8368191719055176,1.7488914728164673,2.0,6.613325119018555,-0.8498236536979675,1.0,7.005191802978516,2.2430388927459717,2.0",0
"2.7061033248901367,-1.271496295928955,1.0,2.8368191719055176,1.7488914728164673,2.0,6.613325119018555,-0.8498236536979675,1.0,7.005191802978516,2.2430388927459717,2.0","1.0,0.0",0.16332935578338947,"2.504668712615967,-1.2715986967086792,1.0,2.6356778144836426,1.748754620552063,2.0,6.411923408508301,-0.8502785563468933,1.0,6.8040900230407715,2.242525577545166,2.0",0
"2.504668712615967,-1.2715986967086792,1.0,2.6356778144836426,1.748754620552063,2.0,6.411923408508301,-0.8502785563468933,1.0,6.8040900230407715,2.242525577545166,2.0","1.0,0.0",0.1542834693377788,"2.303908109664917,-1.2703101634979248,1.0,2.4333841800689697,1.750131368637085,2.0,6.210956573486328,-0.8470349907875061,1.0,6.601553916931152,2.245988130569458,2.0",0
"2.303908109664917,-1.2703101634979248,1.0,2.4333841800689697,1.750131368637085,2.0,6.210956573486328,-0.8470349907875061,1.0,6.601553916931152,2.245988130569458,2.0","1.0,0.0",0.14602090351224506,"2.1027166843414307,-1.2703882455825806,1.0,2.2323246002197266,1.7500475645065308,2.0,6.009782314300537,-0.8472820520401001,1.0,6.400515079498291,2.2457239627838135,2.0",0
"2.1027166843414307,-1.2703882455825806,1.0,2.2323246002197266,1.7500475645065308,2.0,6.009782314300537,-0.8472820520401001,1.0,6.400515079498291,2.2457239627838135,2.0","1.0,0.0",0.13940042282348086,"1.8990986347198486,-1.2729700803756714,1.0,2.0332415103912354,1.7472585439682007,2.0,5.806793689727783,-0.8557239770889282,1.0,6.202170372009277,2.236682891845703,2.0",0
"1.8990986347198486,-1.2729700803756714,1.0,2.0332415103912354,1.7472585439682007,2.0,5.806793689727783,-0.8557239770889282,1.0,6.202170372009277,2.236682891845703,2.0","1.0,0.0",0.13348482299490483,"1.6987229585647583,-1.2714111804962158,1.0,1.8301913738250732,1.7489447593688965,2.0,5.606049060821533,-0.8507139682769775,1.0,5.998687267303467,2.242050886154175,2.0",0
"1.6987229585647583,-1.2714111804962158,1.0,1.8301913738250732,1.7489447593688965,2.0,5.606049060821533,-0.8507139682769775,1.0,5.998687267303467,2.242050886154175,2.0","1.0,0.0",0.12777046520958768,"1.4978458881378174,-1.2712466716766357,1.0,5.40513277053833,-0.8501850366592407,1.0,5.797483444213867,2.24261474609375,2.0,8.911981582641602,-0.21121056377887726,1.0",0
"1.4978458881378174,-1.2712466716766357,1.0,5.40513277053833,-0.8501850366592407,1.0,5.797483444213867,2.24261474609375,2.0,8.911981582641602,-0.21121056377887726,1.0","1.0,0.0",0.12375696797245794,"1.293872356414795,-1.273414134979248,1.0,5.201888561248779,-0.8593591451644897,1.0,5.59975528717041,2.232722759246826,2.0,8.709857940673828,-0.22667457163333893,1.0",0
"1.293872356414795,-1.273414134979248,1.0,5.201888561248779,-0.8593591451644897,1.0,5.59975528717041,2.232722759246826,2.0,8.709857940673828,-0.22667457163333893,1.0","1.0,0.0",0.11911050966128478,"5.000964641571045,-0.8553760647773743,1.0,5.396456718444824,2.237025260925293,2.0,8.508460998535156,-0.21996496617794037,1.0,8.979454040527344,2.988785982131958,2.0",0
"5.000964641571045,-0.8553760647773743,1.0,5.396456718444824,2.237025260925293,2.0,8.508460998535156,-0.21996496617794037,1.0,8.979454040527344,2.988785982131958,2.0","1.0,0.0",0.11517571668513549,"4.799474716186523,-0.8576384782791138,1.0,5.1965179443359375,2.2345635890960693,2.0,8.307289123535156,-0.22398701310157776,1.0,8.779891967773438,2.9845268726348877,2.0",0
"4.799474716186523,-0.8576384782791138,1.0,5.1965179443359375,2.2345635890960693,2.0,8.307289123535156,-0.22398701310157776,1.0,8.779891967773438,2.9845268726348877,2.0","1.0,0.0",0.11201789707217236,"4.597289562225342,-0.8609858155250549,1.0,4.996643543243408,2.230919361114502,2.0,8.105576515197754,-0.2299560010433197,1.0,8.58057689666748,2.9782042503356934,2.0",0
"4.597289562225342,-0.8609858155250549,1.0,4.996643543243408,2.230919361114502,2.0,8.105576515197754,-0.2299560010433197,1.0,8.58057689666748,2.9782042503356934,2.0","1.0,0.0",0.10879810952615099,"4.395717620849609,-0.8611029386520386,1.0,4.795156955718994,2.2307910919189453,2.0,7.904022216796875,-0.2301696240901947,1.0,8.379111289978027,2.9779775142669678,2.0",0
"4.395717620849609,-0.8611029386520386,1.0,4.795156955718994,2.2307910919189453,2.0,7.904022216796875,-0.2301696240901947,1.0,8.379111289978027,2.9779775142669678,2.0","1.0,0.0",0.10577552391803202,"4.192730903625488,-0.8685776591300964,1.0,4.597893714904785,2.2225661277770996,2.0,7.702195644378662,-0.24413414299488068,1.0,8.183222770690918,2.963122606277466,2.0",0
"4.192730903625488,-0.8685776591300964,1.0,4.597893714904785,2.2225661277770996,2.0,7.702195644378662,-0.24413414299488068,1.0,8.183222770690918,2.963122606277466,2.0","1.0,0.0",0.10325556003940495,"3.9913277626037598,-0.8680532574653625,1.0,4.396108627319336,2.2231452465057373,2.0,7.5007171630859375,-0.24318277835845947,1.0,7.981348037719727,2.9641380310058594,2.0",0
"3.9913277626037598,-0.8680532574653625,1.0,4.396108627319336,2.2231452465057373,2.0,7.5007171630859375,-0.24318277835845947,1.0,7.981348037719727,2.9641380310058594,2.0","1.0,0.0",0.10071716125680119,"3.7890779972076416,-0.8709533214569092,1.0,4.196317672729492,2.219921827316284,2.0,7.2989630699157715,-0.24887315928936005,1.0,7.782145023345947,2.958064317703247,2.0",0
"3.7890779972076416,-0.8709533214569092,1.0,4.196317672729492,2.219921827316284,2.0,7.2989630699157715,-0.24887315928936005,1.0,7.782145023345947,2.958064317703247,2.0","1.0,0.0",0.49752375011666217,"3.5859737396240234,-0.8773887157440186,1.0,3.9989473819732666,2.21272611618042,2.0,7.097006320953369,-0.26182374358177185,1.0,7.5861382484436035,2.9442121982574463,2.0",0
"3.5859737396240234,-0.8773887157440186,1.0,3.9989473819732666,2.21272611618042,2.0,7.097006320953369,-0.26182374358177185,1.0,7.5861382484436035,2.9442121982574463,2.0","1.0,0.0",0.3307952649252206,"3.3844332695007324,-0.8772203922271729,1.0,3.7972681522369385,2.2129132747650146,2.0,6.895438194274902,-0.26149702072143555,1.0,7.384426116943359,2.944561004638672,2.0",0
"3.3844332695007324,-0.8772203922271729,1.0,3.7972681522369385,2.2129132747650146,2.0,6.895438194274902,-0.26149702072143555,1.0,7.384426116943359,2.944561004638672,2.0","1.0,0.0",0.26610565561057276,"3.1820621490478516,-0.8801300525665283,1.0,3.5978870391845703,2.209601402282715,2.0,6.693660736083984,-0.26780152320861816,1.0,7.185750484466553,2.9377808570861816,2.0",0
"3.1820621490478516,-0.8801300525665283,1.0,3.5978870391845703,2.209601402282715,2.0,6.693660736083984,-0.26780152320861816,1.0,7.185750484466553,2.9377808570861816,2.0","1.0,0.0",0.2293798600516428,"2.9796595573425293,-0.883134126663208,1.0,3.3987011909484863,2.2061634063720703,2.0,6.4918951988220215,-0.27446460723876953,1.0,6.9873223304748535,2.9306044578552246,2.0",0
"2.9796595573425293,-0.883134126663208,1.0,3.3987011909484863,2.2061634063720703,2.0,6.4918951988220215,-0.27446460723876953,1.0,6.9873223304748535,2.9306044578552246,2.0","1.0,0.0",0.20439878874176243,"2.777977705001831,-0.8831601142883301,1.0,3.19704532623291,2.2061309814453125,2.0,6.290213108062744,-0.27452895045280457,1.0,6.7856669425964355,2.930532932281494,2.0",0
"2.777977705001831,-0.8831601142883301,1.0,3.19704532623291,2.2061309814453125,2.0,6.290213108062744,-0.27452895045280457,1.0,6.7856669425964355,2.930532932281494,2.0","1.0,0.0",0.18625869462280553,"2.5754053592681885,-0.8864794373512268,1.0,2.9987380504608154,2.202233076095581,2.0,6.0884833335876465,-0.28268975019454956,1.0,6.588362216949463,2.9216883182525635,2.0",0
"2.5754053592681885,-0.8864794373512268,1.0,2.9987380504608154,2.202233076095581,2.0,6.0884833335876465,-0.28268975019454956,1.0,6.588362216949463,2.9216883182525635,2.0","1.0,0.0",0.1722571800702748,"2.3735382556915283,-0.8872487545013428,1.0,2.7979531288146973,2.201315402984619,2.0,5.886826992034912,-0.28469011187553406,1.0,6.387828350067139,2.9195125102996826,2.0",0
"2.3735382556915283,-0.8872487545013428,1.0,2.7979531288146973,2.201315402984619,2.0,5.886826992034912,-0.28469011187553406,1.0,6.387828350067139,2.9195125102996826,2.0","0.0,0.6",0.14576377792059603,"2.0675301551818848,-1.1764962673187256,1.0,2.8613550662994385,1.8383210897445679,2.0,5.6278300285339355,-1.0020971298217773,1.0,6.511629104614258,2.118276834487915,2.0",0
"2.0675301551818848,-1.1764962673187256,1.0,2.8613550662994385,1.8383210897445679,2.0,5.6278300285339355,-1.0020971298217773,1.0,6.511629104614258,2.118276834487915,2.0","1.0,0.0",0.14491497356834238,"1.739760160446167,-1.3989181518554688,1.0,2.845720052719116,1.5159063339233398,2.0,5.298707008361816,-1.5992399454116821,1.0,6.505226135253906,1.411112666130066,2.0",0
"1.739760160446167,-1.3989181518554688,1.0,2.845720052719116,1.5159063339233398,2.0,5.298707008361816,-1.5992399454116821,1.0,6.505226135253906,1.411112666130066,2.0","1.0,0.0",0.14393720130019583,"1.521161437034607,-1.421274185180664,1.0,2.6622886657714844,1.4799635410308838,2.0,5.077431678771973,-1.6646265983581543,1.0,6.320266246795654,1.3309160470962524,2.0",0
"1.521161437034607,-1.421274185180664,1.0,2.6622886657714844,1.4799635410308838,2.0,5.077431678771973,-1.6646265983581543,1.0,6.320266246795654,1.3309160470962524,2.0","1.0,0.0",0.1367412787708786,"2.464343786239624,1.4747958183288574,2.0,4.873693466186523,-1.674224615097046,1.0,6.122039794921875,1.3190068006515503,2.0,7.982858180999756,-1.5886683464050293,1.0",0
"2.464343786239624,1.4747958183288574,2.0,4.873693466186523,-1.674224615097046,1.0,6.122039794921875,1.3190068006515503,2.0,7.982858180999756,-1.5886683464050293,1.0","1.0,0.0",0.1307804237886927,"2.263139486312866,1.4759665727615356,2.0,4.674017429351807,-1.671894907951355,1.0,5.9209089279174805,1.3219573497772217,2.0,7.783138751983643,-1.584824800491333,1.0",0
"2.263139486312866,1.4759665727615356,2.0,4.674017429351807,-1.671894907951355,1.0,5.9209089279174805,1.3219573497772217,2.0,7.783138751983643,-1.584824800491333,1.0","1.0,0.0",0.12604170342172116,"2.061586856842041,1.4759416580200195,2.0,4.472472667694092,-1.6719118356704712,1.0,5.719357490539551,1.3219475746154785,2.0,7.581594467163086,-1.5848287343978882,1.0",0
"2.061586856842041,1.4759416580200195,2.0,4.472472667694092,-1.6719118356704712,1.0,5.719357490539551,1.3219475746154785,2.0,7.581594467163086,-1.5848287343978882,1.0","1.0,0.0",0.12126640788672205,"1.860363483428955,1.4759596586227417,2.0,4.271362781524658,-1.6717886924743652,1.0,5.518138885498047,1.3221094608306885,2.0,7.380481243133545,-1.58458411693573,1.0",0
"1.860363483428955,1.4759596586227417,2.0,4.271362781524658,-1.6717886924743652,1.0,5.518138885498047,1.3221094608306885,2.0,7.380481243133545,-1.58458411693573,1.0","1.0,0.0",0.11717767119768574,"1.6584135293960571,1.4772615432739258,2.0,4.071600437164307,-1.6688294410705566,1.0,5.316293239593506,1.3259392976760864,2.0,7.180655479431152,-1.5794755220413208,1.0",0
"1.6584135293960571,1.4772615432739258,2.0,4.071600437164307,-1.6688294410705566,1.0,5.316293239593506,1.3259392976760864,2.0,7.180655479431152,-1.5794755220413208,1.0","1.0,0.0",0.11354000323526225,"3.8699729442596436,-1.6689752340316772,1.0,5.114754676818848,1.3257583379745483,2.0,6.979034423828125,-1.579707145690918,1.0,8.225058555603027,1.6141691207885742,2.0",0
"3.8699729442596436,-1.6689752340316772,1.0,5.114754676818848,1.3257583379745483,2.0,6.979034423828125,-1.579707145690918,1.0,8.225058555603027,1.6141691207885742,2.0","1.0,0.0",0.11003513798782949,"3.6690948009490967,-1.6681500673294067,1.0,4.913169860839844,1.3268709182739258,2.0,6.778131484985352,-1.578158974647522,1.0,8.023401260375977,1.6160047054290771,2.0",0
"3.6690948009490967,-1.6681500673294067,1.0,4.913169860839844,1.3268709182739258,2.0,6.778131484985352,-1.578158974647522,1.0,8.023401260375977,1.6160047054290771,2.0","1.0,0.0",0.10685773626360628,"3.4689812660217285,-1.6658426523208618,1.0,4.711220741271973,1.3299427032470703,2.0,6.577958106994629,-1.573921799659729,1.0,7.8212714195251465,1.6210064888000488,2.0",0
"3.4689812660217285,-1.6658426523208618,1.0,4.711220741271973,1.3299427032470703,2.0,6.577958106994629,-1.573921799659729,1.0,7.8212714195251465,1.6210064888000488,2.0","1.0,0.0",0.10392973980421027,"3.2672364711761475,-1.666190505027771,1.0,4.5097270011901855,1.3294949531555176,2.0,6.376224517822266,-1.574546217918396,1.0,7.619805335998535,1.6202830076217651,2.0",0
"3.2672364711761475,-1.666190505027771,1.0,4.5097270011901855,1.3294949531555176,2.0,6.376224517822266,-1.574546217918396,1.0,7.619805335998535,1.6202830076217651,2.0","1.0,0.0",0.1014213775431223,"3.066681146621704,-1.6648926734924316,1.0,4.3079118728637695,1.3313151597976685,2.0,6.175634860992432,-1.571940541267395,1.0,7.417871475219727,1.6234115362167358,2.0",0
"3.066681146621704,-1.6648926734924316,1.0,4.3079118728637695,1.3313151597976685,2.0,6.175634860992432,-1.571940541267395,1.0,7.417871475219727,1.6234115362167358,2.0","1.0,0.0",0.09883687227789206,"2.8659512996673584,-1.6639775037765503,1.0,4.1063313484191895,1.332582712173462,2.0,5.974878311157227,-1.5701422691345215,1.0,7.216208457946777,1.6255624294281006,2.0",0
"2.8659512996673584,-1.6639775037765503,1.0,4.1063313484191895,1.332582712173462,2.0,5.974878311157227,-1.5701422691345215,1.0,7.216208457946777,1.6255624294281006,2.0","1.0,0.0",0.3768099450095257,"2.6644179821014404,-1.663918375968933,1.0,3.904662847518921,1.3326971530914307,2.0,5.773340702056885,-1.569942831993103,1.0,7.0145263671875,1.6258172988891602,2.0",0
"2.6644179821014404,-1.663918375968933,1.0,3.904662847518921,1.3326971530914307,2.0,5.773340702056885,-1.569942831993103,1.0,7.0145263671875,1.6258172988891602,2.0","1.0,0.0",0.2812687046435596,"2.463963508605957,-1.6627044677734375,1.0,3.7027578353881836,1.334506869316101,2.0,5.572835922241211,-1.5672321319580078,1.0,6.812474727630615,1.6291239261627197,2.0",0
"2.463963508605957,-1.6627044677734375,1.0,3.7027578353881836,1.334506869316101,2.0,5.572835922241211,-1.5672321319580078,1.0,6.812474727630615,1.6291239261627197,2.0","1.0,0.0",0.2346475163898949,"2.262476682662964,-1.6627953052520752,1.0,3.5013465881347656,1.334389090538025,2.0,5.3713555335998535,-1.5673925876617432,1.0,6.611074924468994,1.6289366483688354,2.0",0
"2.262476682662964,-1.6627953052520752,1.0,3.5013465881347656,1.334389090538025,2.0,5.3713555335998535,-1.5673925876617432,1.0,6.611074924468994,1.6289366483688354,2.0","1.0,0.0",0.2056928661401125,"2.06099796295166,-1.6626473665237427,1.0,3.2995681762695312,1.3346614837646484,2.0,5.169863700866699,-1.5669341087341309,1.0,6.4092631340026855,1.6295197010040283,2.0",0
"2.06099796295166,-1.6626473665237427,1.0,3.2995681762695312,1.3346614837646484,2.0,5.169863700866699,-1.5669341087341309,1.0,6.4092631340026855,1.6295197010040283,2.0","1.0,0.0",0.18523424678476363,"1.8608992099761963,-1.661439299583435,1.0,3.097658157348633,1.336617350578308,2.0,4.969710826873779,-1.5638481378555298,1.0,6.207178592681885,1.6333539485931396,2.0",0
"1.8608992099761963,-1.661439299583435,1.0,3.097658157348633,1.336617350578308,2.0,4.969710826873779,-1.5638481378555298,1.0,6.207178592681885,1.6333539485931396,2.0","1.0,0.0",0.17020882546600724,"2.8962364196777344,1.3362878561019897,2.0,4.768012523651123,-1.5643560886383057,1.0,6.005783557891846,1.632727861404419,2.0,7.270856857299805,-1.1621052026748657,1.0",0
"2.8962364196777344,1.3362878561019897,2.0,4.768012523651123,-1.5643560886383057,1.0,6.005783557891846,1.632727861404419,2.0,7.270856857299805,-1.1621052026748657,1.0","1.0,0.0",0.15797859232803235,"2.6944568157196045,1.3365428447723389,2.0,4.5665812492370605,-1.5638760328292847,1.0,5.803967475891113,1.6333562135696411,2.0,7.069376468658447,-1.1613246202468872,1.0",0
"2.6944568157196045,1.3365428447723389,2.0,4.5665812492370605,-1.5638760328292847,1.0,5.803967475891113,1.6333562135696411,2.0,7.069376468658447,-1.1613246202468872,1.0","1.0,0.0",0.1481296538223802,"2.4928741455078125,1.337477207183838,2.0,4.366008281707764,-1.5622869729995728,1.0,5.602283000946045,1.635376214981079,2.0,6.868664741516113,-1.1588618755340576,1.0",0
"2.4928741455078125,1.337477207183838,2.0,4.366008281707764,-1.5622869729995728,1.0,5.602283000946045,1.635376214981079,2.0,6.868664741516113,-1.1588618755340576,1.0","1.0,0.0",0.1400550290139777,"2.2912890911102295,1.3374197483062744,2.0,4.1644158363342285,-1.5623513460159302,1.0,5.400699138641357,1.6353089809417725,2.0,6.6670732498168945,-1.1589341163635254,1.0",0
"2.2912890911102295,1.3374197483062744,2.0,4.1644158363342285,-1.5623513460159302,1.0,5.400699138641357,1.6353089809417725,2.0,6.6670732498168945,-1.1589341163635254,1.0","0.0,-0.6",0.12111696264730254,"1.934585452079773,1.6062183380126953,2.0,4.136085033416748,-1.0528416633605957,1.0,4.9872918128967285,2.2681314945220947,2.0,6.573835849761963,-0.35757261514663696,1.0",0
"1.934585452079773,1.6062183380126953,2.0,4.136085033416748,-1.0528416633605957,1.0,4.9872918128967285,2.2681314945220947,2.0,6.573835849761963,-0.35757261514663696,1.0","1.0,0.0",0.11451730327967358,"4.0349040031433105,-0.6304393410682678,1.0,4.556070327758789,2.758042812347412,2.0,6.392655372619629,0.300715833902359,1.0,6.397714138031006,3.7917730808258057,2.0",0
"4.0349040031433105,-0.6304393410682678,1.0,4.556070327758789,2.758042812347412,2.0,6.392655372619629,0.300715833902359,1.0,6.397714138031006,3.7917730808258057,2.0","1.0,0.0",0.1185366024638772,"3.8455493450164795,-0.5758718848228455,1.0,4.322098255157471,2.8191728591918945,2.0,6.190848350524902,0.3862168788909912,1.0,6.149984836578369,3.8770387172698975,2.0",0
"3.8455493450164795,-0.5758718848228455,1.0,4.322098255157471,2.8191728591918945,2.0,6.190848350524902,0.3862168788909912,1.0,6.149984836578369,3.8770387172698975,2.0","1.0,0.0",0.11682760545002502,"3.6447594165802,-0.5683977603912354,1.0,4.114943504333496,2.8275344371795654,2.0,5.988247871398926,0.3980869948863983,1.0,5.9408416748046875,3.8888256549835205,2.0",0
"3.6447594165802,-0.5683977603912354,1.0,4.114943504333496,2.8275344371795654,2.0,5.988247871398926,0.3980869948863983,1.0,5.9408416748046875,3.8888256549835205,2.0","0.0,0.6",0.10409353841752012,"3.367086410522461,-1.0083023309707642,1.0,4.239023208618164,2.307248115539551,2.0,5.809117317199707,-0.3283337354660034,1.0,6.178473949432373,3.1431000232696533,2.0",0
"3.367086410522461,-1.0083023309707642,1.0,4.239023208618164,2.307248115539551,2.0,5.809117317199707,-0.3283337354660034,1.0,6.178473949432373,3.1431000232696533,2.0","1.0,0.0",0.101898864255908,"3.0592522621154785,-1.3624610900878906,1.0,4.2689995765686035,1.8453309535980225,2.0,5.558481216430664,-0.9383208751678467,1.0,6.284432411193848,2.4764246940612793,2.0",0
"3.0592522621154785,-1.3624610900878906,1.0,4.2689995765686035,1.8453309535980225,2.0,5.558481216430664,-0.9383208751678467,1.0,6.284432411193848,2.4764246940612793,2.0","1.0,0.0",0.10699880474073087,"2.840221881866455,-1.4041520357131958,1.0,4.0920305252075195,1.7874594926834106,2.0,5.344804286956787,-1.012892246246338,1.0,6.115580081939697,2.392012357711792,2.0",0
"2.840221881866455,-1.4041520357131958,1.0,4.0920305252075195,1.7874594926834106,2.0,5.344804286956787,-1.012892246246338,1.0,6.115580081939697,2.392012357711792,2.0","1.0,0.0",0.10389563616832653,"2.6367669105529785,-1.4086183309555054,1.0,3.893228054046631,1.7811521291732788,2.0,5.1419196128845215,-1.021034836769104,1.0,5.917659282684326,2.3827342987060547,2.0",0
"2.6367669105529785,-1.4086183309555054,1.0,3.893228054046631,1.7811521291732788,2.0,5.1419196128845215,-1.021034836769104,1.0,5.917659282684326,2.3827342987060547,2.0","1.0,0.0",0.10092580650427285,"2.4351091384887695,-1.4089771509170532,1.0,3.6919004917144775,1.7806782722473145,2.0,4.940305233001709,-1.0216399431228638,1.0,5.716396331787109,2.3820621967315674,2.0",0
"2.4351091384887695,-1.4089771509170532,1.0,3.6919004917144775,1.7806782722473145,2.0,4.940305233001709,-1.0216399431228638,1.0,5.716396331787109,2.3820621967315674,2.0","1.0,0.0",0.4555523993110019,"2.233415126800537,-1.4100935459136963,1.0,3.491661310195923,1.7789632081985474,2.0,4.738788604736328,-1.0238993167877197,1.0,5.51643180847168,2.3794212341308594,2.0",0
"2.233415126800537,-1.4100935459136963,1.0,3.491661310195923,1.7789632081985474,2.0,4.738788604736328,-1.0238993167877197,1.0,5.51643180847168,2.3794212341308594,2.0","1.0,0.0",0.2929976270340102,"2.0312275886535645,-1.4128228425979614,1.0,3.2932145595550537,1.774780511856079,2.0,4.537051200866699,-1.029568076133728,1.0,5.318687438964844,2.3728649616241455,2.0",0
"2.0312275886535645,-1.4128228425979614,1.0,3.2932145595550537,1.774780511856079,2.0,4.537051200866699,-1.029568076133728,1.0,5.318687438964844,2.3728649616241455,2.0","1.0,0.0",0.23518739718022763,"1.829687237739563,-1.4130017757415771,1.0,3.0918757915496826,1.774519443511963,2.0,4.335535526275635,-1.029906988143921,1.0,5.117386817932129,2.372474431991577,2.0",0
"1.829687237739563,-1.4130017757415771,1.0,3.0918757915496826,1.774519443511963,2.0,4.335535526275635,-1.029906988143921,1.0,5.117386817932129,2.372474431991577,2.0","1.0,0.0",0.20195745029745238,"1.6280157566070557,-1.413281798362732,1.0,2.8907411098480225,1.7740223407745361,2.0,4.13391637802124,-1.03058660030365,1.0,4.916343688964844,2.371652841567993,2.0",0
"1.6280157566070557,-1.413281798362732,1.0,2.8907411098480225,1.7740223407745361,2.0,4.13391637802124,-1.03058660030365,1.0,4.916343688964844,2.371652841567993,2.0","1.0,0.0",0.17862920389341785,"1.4264800548553467,-1.4142889976501465,1.0,2.6909470558166504,1.7723315954208374,2.0,3.9326021671295166,-1.032983660697937,1.0,4.716885566711426,2.368840456008911,2.0",0
"1.4264800548553467,-1.4142889976501465,1.0,2.6909470558166504,1.7723315954208374,2.0,3.9326021671295166,-1.032983660697937,1.0,4.716885566711426,2.368840456008911,2.0","1.0,0.0",0.1634450870766333,"2.489459276199341,1.7721909284591675,2.0,3.7310128211975098,-1.033169150352478,1.0,4.5154194831848145,2.368626117706299,2.0,5.579254150390625,-0.4405260384082794,1.0",0
"2.489459276199341,1.7721909284591675,2.0,3.7310128211975098,-1.033169150352478,1.0,4.5154194831848145,2.368626117706299,2.0,5.579254150390625,-0.4405260384082794,1.0","1.0,0.0",0.15094092712692375,"2.2883408069610596,1.7717448472976685,2.0,3.5293822288513184,-1.0338129997253418,1.0,4.314406394958496,2.367820978164673,2.0,5.377728462219238,-0.4414978623390198,1.0",0
"2.2883408069610596,1.7717448472976685,2.0,3.5293822288513184,-1.0338129997253418,1.0,4.314406394958496,2.367820978164673,2.0,5.377728462219238,-0.4414978623390198,1.0","1.0,0.0",0.14043098482937655,"2.08819580078125,1.7706174850463867,2.0,3.327993631362915,-1.0355184078216553,1.0,4.114528179168701,2.365784168243408,2.0,5.176605224609375,-0.44403275847435,1.0",0
"2.08819580078125,1.7706174850463867,2.0,3.327993631362915,-1.0355184078216553,1.0,4.114528179168701,2.365784168243408,2.0,5.176605224609375,-0.44403275847435,1.0","1.0,0.0",0.13277723298680266,"1.886534571647644,1.7706485986709595,2.0,3.1264238357543945,-1.035447359085083,1.0,3.912846326828003,2.365880012512207,2.0,4.975014686584473,-0.44390252232551575,1.0",0
"1.886534571647644,1.7706485986709595,2.0,3.1264238357543945,-1.035447359085083,1.0,3.912846326828003,2.365880012512207,2.0,4.975014686584473,-0.44390252232551575,1.0","1.0,0.0",0.12590012600379064,"2.9247071743011475,-1.0362043380737305,1.0,3.7119789123535156,2.3649256229400635,2.0,4.773422718048096,-0.44512689113616943,1.0,4.772488117218018,3.039947032928467,2.0",0
"2.9247071743011475,-1.0362043380737305,1.0,3.7119789123535156,2.3649256229400635,2.0,4.773422718048096,-0.44512689113616943,1.0,4.772488117218018,3.039947032928467,2.0","0.0,0.6",0.10835887211567741,"1.700382113456726,1.5492371320724487,2.0,2.597766637802124,-1.3843944072723389,1.0,3.783102512359619,1.899273157119751,2.0,4.503588676452637,-1.0168839693069458,1.0",0
"1.700382113456726,1.5492371320724487,2.0,2.597766637802124,-1.3843944072723389,1.0,3.783102512359619,1.899273157119751,2.0,4.503588676452637,-1.0168839693069458,1.0","1.0,0.0",0.09850573763302162,"1.6594717502593994,1.3741711378097534,2.0,2.2831172943115234,-1.6295831203460693,1.0,3.7655632495880127,1.5310895442962646,2.0,4.214669227600098,-1.4389880895614624,1.0",0
"1.6594717502593994,1.3741711378097534,2.0,2.2831172943115234,-1.6295831203460693,1.0,3.7655632495880127,1.5310895442962646,2.0,4.214669227600098,-1.4389880895614624,1.0","1.0,0.0",0.10811315669386001,"1.4817306995391846,1.3469574451446533,2.0,2.0582833290100098,-1.6661951541900635,1.0,3.5900216102600098,1.4708870649337769,2.0,3.9925830364227295,-1.5058605670928955,1.0",0
"1.4817306995391846,1.3469574451446533,2.0,2.0582833290100098,-1.6661951541900635,1.0,3.5900216102600098,1.4708870649337769,2.0,3.9925830364227295,-1.5058605670928955,1.0","1.0,0.0",0.10547390735718087,"1.8532086610794067,-1.6707327365875244,1.0,3.391507863998413,1.4631279706954956,2.0,3.787837028503418,-1.514452576637268,1.0,4.577510833740234,1.879970669746399,2.0",0
"1.8532086610794067,-1.6707327365875244,1.0,3.391507863998413,1.4631279706954956,2.0,3.787837028503418,-1.514452576637268,1.0,4.577510833740234,1.879970669746399,2.0","1.0,0.0",0.10164399998114604,"3.1903202533721924,1.46219801902771,2.0,3.5858798027038574,-1.515484094619751,1.0,4.376430988311768,1.878733515739441,2.0,5.0834431648254395,-1.1017184257507324,1.0",0
"3.1903202533721924,1.46219801902771,2.0,3.5858798027038574,-1.515484094619751,1.0,4.376430988311768,1.878733515739441,2.0,5.0834431648254395,-1.1017184257507324,1.0","1.0,0.0",0.09845712654391736,"2.9890761375427246,1.4618130922317505,2.0,3.384308338165283,-1.5159153938293457,1.0,4.175234317779541,1.8782225847244263,2.0,4.881918907165527,-1.102308988571167,1.0",0
"2.9890761375427246,1.4618130922317505,2.0,3.384308338165283,-1.5159153938293457,1.0,4.175234317779541,1.8782225847244263,2.0,4.881918907165527,-1.102308988571167,1.0","1.0,0.0",0.31548647120677686,"2.787276029586792,1.4620082378387451,2.0,3.182732582092285,-1.5156915187835693,1.0,3.973402500152588,1.8785067796707153,2.0,4.680311679840088,-1.1019726991653442,1.0",0
"2.787276029586792,1.4620082378387451,2.0,3.182732582092285,-1.5156915187835693,1.0,3.973402500152588,1.8785067796707153,2.0,4.680311679840088,-1.1019726991653442,1.0","1.0,0.0",0.2315461437655435,"2.5855841636657715,1.4620567560195923,2.0,2.981064558029175,-1.5156309604644775,1.0,3.7716903686523438,1.8785773515701294,2.0,4.478619575500488,-1.1018842458724976,1.0",0
"2.5855841636657715,1.4620567560195923,2.0,2.981064558029175,-1.5156309604644775,1.0,3.7716903686523438,1.8785773515701294,2.0,4.478619575500488,-1.1018842458724976,1.0","1.0,0.0",0.19300954414795535,"2.3841676712036133,1.4620884656906128,2.0,2.7797725200653076,-1.5155905485153198,1.0,3.5702731609344482,1.8786451816558838,2.0,4.2773308753967285,-1.101798415184021,1.0",0
"2.3841676712036133,1.4620884656906128,2.0,2.7797725200653076,-1.5155905485153198,1.0,3.5702731609344482,1.8786451816558838,2.0,4.2773308753967285,-1.101798415184021,1.0","1.0,0.0",0.16855193778730926,"2.1822729110717773,1.4623790979385376,2.0,2.578265905380249,-1.5152482986450195,1.0,3.3683245182037354,1.8790905475616455,2.0,4.075770854949951,-1.1012606620788574,1.0",0
"2.1822729110717773,1.4623790979385376,2.0,2.578265905380249,-1.5152482986450195,1.0,3.3683245182037354,1.8790905475616455,2.0,4.075770854949951,-1.1012606620788574,1.0","1.0,0.0",0.15162617761727581,"1.9807214736938477,1.4623671770095825,2.0,2.3767178058624268,-1.5152578353881836,1.0,3.166771411895752,1.8790830373764038,2.0,3.874220609664917,-1.1012647151947021,1.0",0
"1.9807214736938477,1.4623671770095825,2.0,2.3767178058624268,-1.5152578353881836,1.0,3.166771411895752,1.8790830373764038,2.0,3.874220609664917,-1.1012647151947021,1.0","1.0,0.0",0.1387400141717403,"1.7790671586990356,1.4624714851379395,2.0,2.175261974334717,-1.5151299238204956,1.0,2.96509051322937,1.879263997077942,2.0,3.672738790512085,-1.101040005683899,1.0",0
"1.7790671586990356,1.4624714851379395,2.0,2.175261974334717,-1.5151299238204956,1.0,2.96509051322937,1.879263997077942,2.0,3.672738790512085,-1.101040005683899,1.0","1.0,0.0",0.12890645985045723,"1.5772185325622559,1.462730884552002,2.0,1.9738829135894775,-1.514808177947998,1.0,2.763176441192627,1.8797107934951782,2.0,3.471294641494751,-1.1004818677902222,1.0",0
"1.5772185325622559,1.462730884552002,2.0,1.9738829135894775,-1.514808177947998,1.0,2.763176441192627,1.8797107934951782,2.0,3.471294641494751,-1.1004818677902222,1.0","1.0,0.0",0.12066510253286933,"1.7722997665405273,-1.5151405334472656,1.0,2.5621132850646973,1.879257082939148,2.0,3.2697746753692627,-1.101043939590454,1.0,3.106534957885742,2.340714931488037,2.0",0
"1.7722997665405273,-1.5151405334472656,1.0,2.5621132850646973,1.879257082939148,2.0,3.2697746753692627,-1.101043939590454,1.0,3.106534957885742,2.340714931488037,2.0","1.0,0.0",0.11421644289998056,"1.5707675218582153,-1.515044093132019,1.0,2.3603334426879883,1.8794102668762207,2.0,3.0682120323181152,-1.1008388996124268,1.0,2.904721260070801,2.340907573699951,2.0",0
"1.5707675218582153,-1.515044093132019,1.0,2.3603334426879883,1.8794102668762207,2.0,3.0682120323181152,-1.1008388996124268,1.0,2.904721260070801,2.340907573699951,2.0","1.0,0.0",0.10832221586952961,"2.1585693359375,1.8795350790023804,2.0,2.8666276931762695,-1.1006685495376587,1.0,2.7029285430908203,2.3410630226135254,2.0,3.970205783843994,-0.5233578085899353,1.0",0
"2.1585693359375,1.8795350790023804,2.0,2.8666276931762695,-1.1006685495376587,1.0,2.7029285430908203,2.3410630226135254,2.0,3.970205783843994,-0.5233578085899353,1.0","1.0,0.0",0.10347864295137832,"1.9572093486785889,1.8794348239898682,2.0,2.6651687622070312,-1.1007944345474243,1.0,2.501584768295288,2.340947151184082,2.0,3.768767833709717,-0.5235161185264587,1.0",0
"1.9572093486785889,1.8794348239898682,2.0,2.6651687622070312,-1.1007944345474243,1.0,2.501584768295288,2.340947151184082,2.0,3.768767833709717,-0.5235161185264587,1.0","1.0,0.0",0.09921730800405415,"2.463593006134033,-1.1006128787994385,1.0,3.5671467781066895,-0.523248016834259,1.0,4.379795551300049,0.16369229555130005,1.0,5.0182929039001465,1.0217885971069336,1.0",0
"2.463593006134033,-1.1006128787994385,1.0,3.5671467781066895,-0.523248016834259,1.0,4.379795551300049,0.16369229555130005,1.0,5.0182929039001465,1.0217885971069336,1.0","1.0,0.0",0.23870773480395469,"2.2620749473571777,-1.10030996799469,1.0,3.3655402660369873,-0.522800862789154,1.0,4.178093433380127,0.1642451286315918,1.0,4.816476821899414,1.0224238634109497,1.0",0
"2.2620749473571777,-1.10030996799469,1.0,3.3655402660369873,-0.522800862789154,1.0,4.178093433380127,0.1642451286315918,1.0,4.816476821899414,1.0224238634109497,1.0","1.0,0.0",0.18487400959661715,"2.060642957687378,-1.100798487663269,1.0,3.164228916168213,-0.5234960913658142,1.0,3.9769163131713867,0.16339828073978424,1.0,4.615461349487305,1.0214585065841675,1.0",0
"2.060642957687378,-1.100798487663269,1.0,3.164228916168213,-0.5234960913658142,1.0,3.9769163131713867,0.16339828073978424,1.0,4.615461349487305,1.0214585065841675,1.0","0.0,0.6",0.14394137712988342,"1.741166591644287,-1.3347097635269165,1.0,2.9027535915374756,-0.8853833079338074,1.0,3.7876369953155518,-0.2943970859050751,1.0,4.518765449523926,0.48628026247024536,1.0",0
"1.741166591644287,-1.3347097635269165,1.0,2.9027535915374756,-0.8853833079338074,1.0,3.7876369953155518,-0.2943970859050751,1.0,4.518765449523926,0.48628026247024536,1.0","1.0,0.0",0.13509333894982256,"1.9636198282241821,1.8955656290054321,2.0,2.6124050617218018,-1.1687428951263428,1.0,3.549359083175659,-0.6643638014793396,1.0,4.351246356964111,0.04343659430742264,1.0",0
"1.9636198282241821,1.8955656290054321,2.0,2.6124050617218018,-1.1687428951263428,1.0,3.549359083175659,-0.6643638014793396,1.0,4.351246356964111,0.04343659430742264,1.0","0.0,0.6",0.11272186971847464,"2.0086071491241455,1.6184399127960205,2.0,2.2597334384918213,-1.5037134885787964,1.0,2.4522035121917725,2.0545337200164795,2.0,3.253554344177246,-1.1234424114227295,1.0",0
"2.0086071491241455,1.6184399127960205,2.0,2.2597334384918213,-1.5037134885787964,1.0,2.4522035121917725,2.0545337200164795,2.0,3.253554344177246,-1.1234424114227295,1.0","1.0,0.0",0.10310681245119158,"1.2791807651519775,1.2194675207138062,2.0,1.9662235975265503,1.4126240015029907,2.0,1.9266005754470825,-1.7193208932876587,1.0,2.4483642578125,1.8056830167770386,2.0",0
"1.2791807651519775,1.2194675207138062,2.0,1.9662235975265503,1.4126240015029907,2.0,1.9266005754470825,-1.7193208932876587,1.0,2.4483642578125,1.8056830167770386,2.0","1.0,0.0",0.10553710040773767,"1.7885143756866455,1.3793243169784546,2.0,2.2769811153411865,1.7644916772842407,2.0,2.727313995361328,-1.4818750619888306,1.0,2.748091697692871,2.5934479236602783,2.0",0
"1.7885143756866455,1.3793243169784546,2.0,2.2769811153411865,1.7644916772842407,2.0,2.727313995361328,-1.4818750619888306,1.0,2.748091697692871,2.5934479236602783,2.0","1.0,0.0",0.10015954469402732,"1.5899696350097656,1.3752493858337402,2.0,2.0792763233184814,1.7593512535095215,2.0,2.522535800933838,-1.4879891872406006,1.0,3.469552755355835,-0.9908300638198853,1.0",0
"1.5899696350097656,1.3752493858337402,2.0,2.0792763233184814,1.7593512535095215,2.0,2.522535800933838,-1.4879891872406006,1.0,3.469552755355835,-0.9908300638198853,1.0","1.0,0.0",0.09431695475487989,"1.389574408531189,1.3742756843566895,2.0,1.8791054487228394,1.7580913305282593,2.0,2.3204660415649414,-1.489507794380188,1.0,3.267773151397705,-0.9929025173187256,1.0",0
"1.389574408531189,1.3742756843566895,2.0,1.8791054487228394,1.7580913305282593,2.0,2.3204660415649414,-1.489507794380188,1.0,3.267773151397705,-0.9929025173187256,1.0","1.0,0.0",0.18583437294844973,"2.1188433170318604,-1.4894026517868042,1.0,3.066129207611084,-0.9927821755409241,1.0,3.8761441707611084,-0.2835519015789032,1.0,4.56227445602417,0.675632894039154,1.0",0
"2.1188433170318604,-1.4894026517868042,1.0,3.066129207611084,-0.9927821755409241,1.0,3.8761441707611084,-0.2835519015789032,1.0,4.56227445602417,0.675632894039154,1.0","1.0,0.0",0.14879038238587983,"1.9171069860458374,-1.4900354146957397,1.0,2.8645665645599365,-0.993720293045044,1.0,3.674818754196167,-0.2847508490085602,1.0,4.361262321472168,0.6742134094238281,1.0",0
"1.9171069860458374,-1.4900354146957397,1.0,2.8645665645599365,-0.993720293045044,1.0,3.674818754196167,-0.2847508490085602,1.0,4.361262321472168,0.6742134094238281,1.0","1.0,0.0",0.12691054795806933,"1.716211199760437,-1.489540696144104,1.0,2.6635589599609375,-0.9930146336555481,1.0,3.4736526012420654,-0.2838647961616516,1.0,4.159882068634033,0.6752523183822632,1.0",0
"1.716211199760437,-1.489540696144104,1.0,2.6635589599609375,-0.9930146336555481,1.0,3.4736526012420654,-0.2838647961616516,1.0,4.159882068634033,0.6752523183822632,1.0","1.0,0.0",0.11289781548310285,"1.5146137475967407,-1.4894750118255615,1.0,2.4619553089141846,-0.9929572343826294,1.0,3.2720489501953125,-0.2838149070739746,1.0,3.958285093307495,0.6752952337265015,1.0",0
"1.5146137475967407,-1.4894750118255615,1.0,2.4619553089141846,-0.9929572343826294,1.0,3.2720489501953125,-0.2838149070739746,1.0,3.958285093307495,0.6752952337265015,1.0","1.0,0.0",0.10285423188880372,"2.261349678039551,-0.9923083186149597,1.0,3.0712292194366455,-0.2829129099845886,1.0,3.757168769836426,0.6764119863510132,1.0,4.330799579620361,2.059358596801758,1.0",0
"2.261349678039551,-0.9923083186149597,1.0,3.0712292194366455,-0.2829129099845886,1.0,3.757168769836426,0.6764119863510132,1.0,4.330799579620361,2.059358596801758,1.0","0.0,0.6",0.19282592375197005,"1.9403200149536133,-1.2669094800949097,1.0,2.8298583030700684,-0.6604020595550537,1.0,3.626512289047241,0.20916129648685455,1.0,4.362781524658203,1.5128004550933838,1.0",0
"1.9403200149536133,-1.2669094800949097,1.0,2.8298583030700684,-0.6604020595550537,1.0,3.626512289047241,0.20916129648685455,1.0,4.362781524658203,1.5128004550933838,1.0","1.0,0.0",0.1420020544912508,"1.6168971061706543,-1.4670588970184326,1.0,2.5628104209899902,-0.9528678059577942,1.0,3.442704677581787,-0.16762803494930267,1.0,4.306076526641846,1.0555566549301147,1.0",0
"1.6168971061706543,-1.4670588970184326,1.0,2.5628104209899902,-0.9528678059577942,1.0,3.442704677581787,-0.16762803494930267,1.0,4.306076526641846,1.0555566549301147,1.0","1.0,0.0",0.1252939260883259,"2.3491742610931396,-0.9873566031455994,1.0,3.2391278743743896,-0.2135479897260666,1.0,4.118221282958984,0.9983819723129272,1.0,4.8526611328125,2.6435811519622803,1.0",0
"2.3491742610931396,-0.9873566031455994,1.0,3.2391278743743896,-0.2135479897260666,1.0,4.118221282958984,0.9983819723129272,1.0,4.8526611328125,2.6435811519622803,1.0","0.0,0.6",0.09844431064498993,"2.0305771827697754,-1.2677141427993774,1.0,3.00573992729187,-0.6045230627059937,1.0,4.021890640258789,0.49500033259391785,1.0,4.94559907913208,2.0418519973754883,1.0",0
"2.0305771827697754,-1.2677141427993774,1.0,3.00573992729187,-0.6045230627059937,1.0,4.021890640258789,0.49500033259391785,1.0,4.94559907913208,2.0418519973754883,1.0","1.0,0.0",0.08524837692746601,"1.7270878553390503,-1.4584910869598389,1.0,2.7584331035614014,-0.886528491973877,1.0,3.870201587677002,0.1162482276558876,1.0,4.930510520935059,1.572898268699646,1.0",0
"1.7270878553390503,-1.4584910869598389,1.0,2.7584331035614014,-0.886528491973877,1.0,3.870201587677002,0.1162482276558876,1.0,4.930510520935059,1.572898268699646,1.0","1.0,0.0",0.16671752807872509,"1.5019304752349854,-1.4879717826843262,1.0,2.5430386066436768,-0.9339764714241028,1.0,3.672027349472046,0.049373894929885864,1.0,4.7574334144592285,1.4874215126037598,1.0",0
"1.5019304752349854,-1.4879717826843262,1.0,2.5430386066436768,-0.9339764714241028,1.0,3.672027349472046,0.049373894929885864,1.0,4.7574334144592285,1.4874215126037598,1.0","0.0,0.6",0.1215331615075067,"2.223827838897705,-1.2492843866348267,1.0,3.465298652648926,-0.4124220013618469,1.0,4.719501972198486,0.8810436129570007,1.0,6.024651527404785,2.8056232929229736,1.0",0
"2.223827838897705,-1.2492843866348267,1.0,3.465298652648926,-0.4124220013618469,1.0,4.719501972198486,0.8810436129570007,1.0,6.024651527404785,2.8056232929229736,1.0","1.0,0.0",0.10312343331109919,"1.9059851169586182,-1.4712846279144287,1.0,3.222851276397705,-0.7589275240898132,1.0,4.59672737121582,0.4066389203071594,1.0,6.082592010498047,2.195390462875366,1.0",0
"1.9059851169586182,-1.4712846279144287,1.0,3.222851276397705,-0.7589275240898132,1.0,4.59672737121582,0.4066389203071594,1.0,6.082592010498047,2.195390462875366,1.0","0.0,0.6",0.08650008907744311,"2.9150550365448,-1.1838657855987549,1.0,2.77345609664917,2.3088929653167725,2.0,4.429405689239502,-0.20773668587207794,1.0,6.1361846923828125,1.3716099262237549,1.0",0
"2.9150550365448,-1.1838657855987549,1.0,2.77345609664917,2.3088929653167725,2.0,4.429405689239502,-0.20773668587207794,1.0,6.1361846923828125,1.3716099262237549,1.0","1.0,0.0",0.17961410711227038,"2.5918428897857666,-1.4883646965026855,1.0,2.8091583251953125,2.0005016326904297,2.0,4.198302745819092,-0.6726635098457336,1.0,6.058033466339111,0.723343551158905,1.0",0
"2.5918428897857666,-1.4883646965026855,1.0,2.8091583251953125,2.0005016326904297,2.0,4.198302745819092,-0.6726635098457336,1.0,6.058033466339111,0.723343551158905,1.0","1.0,0.0",0.14678092393711284,"2.3744711875915527,-1.5191271305084229,1.0,2.6313276290893555,1.9670583009719849,2.0,3.990072250366211,-0.7216989398002625,1.0,5.865506649017334,0.6531263589859009,1.0",0
"2.3744711875915527,-1.5191271305084229,1.0,2.6313276290893555,1.9670583009719849,2.0,3.990072250366211,-0.7216989398002625,1.0,5.865506649017334,0.6531263589859009,1.0","1.0,0.0",0.12271666302705786,"2.1705129146575928,-1.5235021114349365,1.0,2.4334418773651123,1.9622305631637573,2.0,3.787506341934204,-0.728889524936676,1.0,5.665339469909668,0.6426666975021362,1.0",0
"2.1705129146575928,-1.5235021114349365,1.0,2.4334418773651123,1.9622305631637573,2.0,3.787506341934204,-0.728889524936676,1.0,5.665339469909668,0.6426666975021362,1.0","1.0,0.6",0.09579922915713857,"2.474425792694092,1.6362046003341675,2.0,3.4847679138183594,-1.2018873691558838,1.0,5.5180134773254395,-0.07348094880580902,1.0,4.885774612426758,3.1535425186157227,2.0",0
"2.474425792694092,1.6362046003341675,2.0,3.4847679138183594,-1.2018873691558838,1.0,5.5180134773254395,-0.07348094880580902,1.0,4.885774612426758,3.1535425186157227,2.0","1.0,0.0",0.08771125859559581,"2.431323289871216,1.3738338947296143,2.0,3.1590170860290527,-1.5495344400405884,1.0,5.292952060699463,-0.6255456805229187,1.0,4.979615688323975,2.6478817462921143,2.0",0
"2.431323289871216,1.3738338947296143,2.0,3.1590170860290527,-1.5495344400405884,1.0,5.292952060699463,-0.6255456805229187,1.0,4.979615688323975,2.6478817462921143,2.0","1.0,-0.6",0.17153845086821407,"2.092941999435425,1.6255643367767334,2.0,3.119015693664551,-1.2068849802017212,1.0,5.145966053009033,-0.0671922042965889,1.0,4.495831489562988,3.156285524368286,2.0",0
"2.092941999435425,1.6255643367767334,2.0,3.119015693664551,-1.2068849802017212,1.0,5.145966053009033,-0.0671922042965889,1.0,4.495831489562988,3.156285524368286,2.0","1.0,0.0",0.13864970477345862,"3.0314102172851562,-0.9032328724861145,1.0,4.944781303405762,0.4182995855808258,1.0,4.000529766082764,3.568185806274414,2.0,7.046011447906494,2.35579252243042,1.0",0
"3.0314102172851562,-0.9032328724861145,1.0,4.944781303405762,0.4182995855808258,1.0,4.000529766082764,3.568185806274414,2.0,7.046011447906494,2.35579252243042,1.0","1.0,0.6",0.12234345645207712,"1.75753915309906,1.6075360774993896,2.0,2.7263612747192383,-1.2450071573257446,1.0,4.775855541229248,-0.14637069404125214,1.0,4.190771579742432,3.0895497798919678,2.0",0
"1.75753915309906,1.6075360774993896,2.0,2.7263612747192383,-1.2450071573257446,1.0,4.775855541229248,-0.14637069404125214,1.0,4.190771579742432,3.0895497798919678,2.0","1.0,0.0",0.10796418222353243,"1.720566987991333,1.418068766593933,2.0,2.409559965133667,-1.5146602392196655,1.0,4.5555219650268555,-0.6189572811126709,1.0,4.2854766845703125,2.658323049545288,2.0",0
"1.720566987991333,1.418068766593933,2.0,2.409559965133667,-1.5146602392196655,1.0,4.5555219650268555,-0.6189572811126709,1.0,4.2854766845703125,2.658323049545288,2.0","1.0,0.0",0.1074071698904937,"1.537858486175537,1.3942729234695435,2.0,2.188946485519409,-1.5470757484436035,1.0,4.346289157867432,-0.6791471838951111,1.0,4.118560314178467,2.6013150215148926,2.0",0
"1.537858486175537,1.3942729234695435,2.0,2.188946485519409,-1.5470757484436035,1.0,4.346289157867432,-0.6791471838951111,1.0,4.118560314178467,2.6013150215148926,2.0","1.0,0.0",0.09916249760065066,"1.9828219413757324,-1.5538133382797241,1.0,4.142701625823975,-0.6922124028205872,1.0,3.9245996475219727,2.5889370441436768,2.0,6.623061180114746,0.7279519438743591,1.0",0
"1.9828219413757324,-1.5538133382797241,1.0,4.142701625823975,-0.6922124028205872,1.0,3.9245996475219727,2.5889370441436768,2.0,6.623061180114746,0.7279519438743591,1.0","1.0,0.0",0.2243319005558907,"1.7808555364608765,-1.5544921159744263,1.0,3.940974712371826,-0.6935507655143738,1.0,3.7238609790802,2.587663173675537,2.0,6.421738147735596,0.725855827331543,1.0",0
"1.7808555364608765,-1.5544921159744263,1.0,3.940974712371826,-0.6935507655143738,1.0,3.7238609790802,2.587663173675537,2.0,6.421738147735596,0.725855827331543,1.0","1.0,0.0",0.17733253883471167,"1.5790656805038452,-1.554781436920166,1.0,3.739309787750244,-0.6940947771072388,1.0,3.5225954055786133,2.5871458053588867,2.0,6.220269203186035,0.7250193357467651,1.0",0
"1.5790656805038452,-1.554781436920166,1.0,3.739309787750244,-0.6940947771072388,1.0,3.5225954055786133,2.5871458053588867,2.0,6.220269203186035,0.7250193357467651,1.0","1.0,0.0",0.1517581025749961,"3.538078784942627,-0.6955419182777405,1.0,3.322517156600952,2.585772752761841,2.0,6.019533634185791,0.7226952314376831,1.0,6.205371856689453,4.526463031768799,2.0",0
"3.538078784942627,-0.6955419182777405,1.0,3.322517156600952,2.585772752761841,2.0,6.019533634185791,0.7226952314376831,1.0,6.205371856689453,4.526463031768799,2.0","1.0,0.6",0.12462031239512794,"3.247995138168335,-1.121610403060913,1.0,3.425490379333496,2.1619858741760254,2.0,5.880942344665527,-0.00957738421857357,1.0,6.519308090209961,3.744847059249878,2.0",0
"3.247995138168335,-1.121610403060913,1.0,3.425490379333496,2.1619858741760254,2.0,5.880942344665527,-0.00957738421857357,1.0,6.519308090209961,3.744847059249878,2.0","1.0,0.0",0.11937172548603736,"2.927403450012207,-1.4544309377670288,1.0,3.43371844291687,1.7947239875793457,2.0,5.65871000289917,-0.6124019622802734,1.0,6.670843601226807,3.058922052383423,2.0",0
"2.927403450012207,-1.4544309377670288,1.0,3.43371844291687,1.7947239875793457,2.0,5.65871000289917,-0.6124019622802734,1.0,6.670843601226807,3.058922052383423,2.0","1.0,0.6",0.10369195796277642,"2.5287766456604004,-1.8354488611221313,1.0,3.455512762069702,1.319647192955017,2.0,5.346721649169922,-1.3577156066894531,1.0,6.8301262855529785,2.149801254272461,2.0",0
"2.5287766456604004,-1.8354488611221313,1.0,3.455512762069702,1.319647192955017,2.0,5.346721649169922,-1.3577156066894531,1.0,6.8301262855529785,2.149801254272461,2.0","1.0,0.0",0.10086130250441427,"2.1472718715667725,-2.0798637866973877,1.0,3.3700032234191895,0.972745954990387,2.0,4.997886657714844,-1.8724111318588257,1.0,6.808292865753174,1.47805655002594,2.0",0
"2.1472718715667725,-2.0798637866973877,1.0,3.3700032234191895,0.972745954990387,2.0,4.997886657714844,-1.8724111318588257,1.0,6.808292865753174,1.47805655002594,2.0","1.0,0.0",0.0984715521093853,"3.182936906814575,0.923143744468689,2.0,4.770053863525391,-1.944957971572876,1.0,6.628086566925049,1.3793355226516724,2.0,8.172511100769043,-1.3662307262420654,1.0",0
"3.182936906814575,0.923143744468689,2.0,4.770053863525391,-1.944957971572876,1.0,6.628086566925049,1.3793355226516724,2.0,8.172511100769043,-1.3662307262420654,1.0","1.0,0.0",0.3487081289752537,"2.9830737113952637,0.9158499836921692,2.0,4.563756942749023,-1.9557881355285645,1.0,6.429206371307373,1.3643461465835571,2.0,7.967471599578857,-1.3846614360809326,1.0",0
"2.9830737113952637,0.9158499836921692,2.0,4.563756942749023,-1.9557881355285645,1.0,6.429206371307373,1.3643461465835571,2.0,7.967471599578857,-1.3846614360809326,1.0","1.0,0.0",0.2477801263192837,"2.7822353839874268,0.9144660234451294,2.0,4.361573696136475,-1.95792818069458,1.0,6.228610038757324,1.3613156080245972,2.0,7.765588283538818,-1.3884278535842896,1.0",0
"2.7822353839874268,0.9144660234451294,2.0,4.361573696136475,-1.95792818069458,1.0,6.228610038757324,1.3613156080245972,2.0,7.765588283538818,-1.3884278535842896,1.0","1.0,0.0",0.20314099226005533,"2.5805420875549316,0.9140080809593201,2.0,4.159458160400391,-1.9586185216903687,1.0,6.026981830596924,1.3603507280349731,2.0,7.5635552406311035,-1.3896188735961914,1.0",0
"2.5805420875549316,0.9140080809593201,2.0,4.159458160400391,-1.9586185216903687,1.0,6.026981830596924,1.3603507280349731,2.0,7.5635552406311035,-1.3896188735961914,1.0","1.0,0.0",0.1760578175498122,"2.379396915435791,0.9131140112876892,2.0,3.9571874141693115,-1.9601298570632935,1.0,5.82601261138916,1.3581085205078125,2.0,7.361508369445801,-1.392461895942688,1.0",0
"2.379396915435791,0.9131140112876892,2.0,3.9571874141693115,-1.9601298570632935,1.0,5.82601261138916,1.3581085205078125,2.0,7.361508369445801,-1.392461895942688,1.0","1.0,0.0",0.15779957657010812,"2.1779284477233887,0.9129295945167542,2.0,3.755535364151001,-1.9604153633117676,1.0,5.624572277069092,1.3577039241790771,2.0,7.159893035888672,-1.3929647207260132,1.0",0
"2.1779284477233887,0.9129295945167542,2.0,3.755535364151001,-1.9604153633117676,1.0,5.624572277069092,1.3577039241790771,2.0,7.159893035888672,-1.3929647207260132,1.0","1.0,0.0",0.14462551828724646,"1.9760937690734863,0.9126722812652588,2.0,3.5534210205078125,-1.960822582244873,1.0,5.422772407531738,1.3571184873580933,2.0,6.957825183868408,-1.3936960697174072,1.0",0
"1.9760937690734863,0.9126722812652588,2.0,3.5534210205078125,-1.960822582244873,1.0,5.422772407531738,1.3571184873580933,2.0,6.957825183868408,-1.3936960697174072,1.0","1.0,-0.6",0.12278927443171095,"1.665236473083496,1.1558417081832886,2.0,3.580725908279419,-1.5041875839233398,1.0,5.0321550369262695,2.0166776180267334,2.0,6.890746116638184,-0.5267327427864075,1.0",0
"1.665236473083496,1.1558417081832886,2.0,3.580725908279419,-1.5041875839233398,1.0,5.0321550369262695,2.0166776180267334,2.0,6.890746116638184,-0.5267327427864075,1.0","1.0,0.0",0.11474549563318304,"1.3609120845794678,1.321498990058899,2.0,3.520782709121704,-1.1442450284957886,1.0,4.630664825439453,2.498734951019287,2.0,6.722800254821777,0.14366833865642548,1.0",0
"1.3609120845794678,1.321498990058899,2.0,3.520782709121704,-1.1442450284957886,1.0,4.630664825439453,2.498734951019287,2.0,6.722800254821777,0.14366833865642548,1.0","1.0,0.0",0.11758568040439998,"3.334869146347046,-1.093979001045227,1.0,4.39428186416626,2.5640041828155518,2.0,6.518767356872559,0.2380935549736023,1.0,7.968947887420654,4.359194278717041,2.0",0
"3.334869146347046,-1.093979001045227,1.0,4.39428186416626,2.5640041828155518,2.0,6.518767356872559,0.2380935549736023,1.0,7.968947887420654,4.359194278717041,2.0","1.0,0.0",0.11189718563378692,"3.137397527694702,-1.0825083255767822,1.0,4.184074401855469,2.5791404247283936,2.0,6.316648960113525,0.2606241703033447,1.0,7.752480983734131,4.386746406555176,2.0",0
"3.137397527694702,-1.0825083255767822,1.0,4.184074401855469,2.5791404247283936,2.0,6.316648960113525,0.2606241703033447,1.0,7.752480983734131,4.386746406555176,2.0","1.0,0.0",0.10677558488721983,"2.9366767406463623,-1.0795769691467285,1.0,3.9800095558166504,2.58302640914917,2.0,6.1146979331970215,0.26645752787590027,1.0,7.5467610359191895,4.393889427185059,2.0",0
"2.9366767406463623,-1.0795769691467285,1.0,3.9800095558166504,2.58302640914917,2.0,6.1146979331970215,0.26645752787590027,1.0,7.5467610359191895,4.393889427185059,2.0","1.0,0.0",0.10169754228916617,"2.735807418823242,-1.0775779485702515,1.0,3.7762515544891357,2.5857675075531006,2.0,5.912694931030273,0.2708212435245514,1.0,7.341495990753174,4.3992815017700195,2.0",0
"2.735807418823242,-1.0775779485702515,1.0,3.7762515544891357,2.5857675075531006,2.0,5.912694931030273,0.2708212435245514,1.0,7.341495990753174,4.3992815017700195,2.0","1.0,0.0",0.09846395399513996,"2.5344085693359375,-1.0774720907211304,1.0,3.5748252868652344,2.585961103439331,2.0,5.711359977722168,0.27109378576278687,1.0,7.140137195587158,4.399664878845215,2.0",0
"2.5344085693359375,-1.0774720907211304,1.0,3.5748252868652344,2.585961103439331,2.0,5.711359977722168,0.27109378576278687,1.0,7.140137195587158,4.399664878845215,2.0","1.0,0.0",0.30865750124988034,"2.3333916664123535,-1.0762357711791992,1.0,3.3720602989196777,2.5876917839050293,2.0,5.509698867797852,0.27384746074676514,1.0,6.9365057945251465,4.403098106384277,2.0",0
"2.3333916664123535,-1.0762357711791992,1.0,3.3720602989196777,2.5876917839050293,2.0,5.509698867797852,0.27384746074676514,1.0,6.9365057945251465,4.403098106384277,2.0","1.0,0.6",0.2280324461987382,"2.0058624744415283,-1.3555716276168823,1.0,3.474377155303955,2.158212184906006,2.0,5.320591449737549,-0.3942139148712158,1.0,7.23000431060791,3.535245418548584,2.0",0
"2.0058624744415283,-1.3555716276168823,1.0,3.474377155303955,2.158212184906006,2.0,5.320591449737549,-0.3942139148712158,1.0,7.23000431060791,3.535245418548584,2.0","1.0,0.0",0.19559802175617214,"1.686843991279602,-1.5513938665390015,1.0,3.4827208518981934,1.8068807125091553,2.0,5.077937126159668,-0.9094879627227783,1.0,7.352227687835693,2.8206679821014404,2.0",0
"1.686843991279602,-1.5513938665390015,1.0,3.4827208518981934,1.8068807125091553,2.0,5.077937126159668,-0.9094879627227783,1.0,7.352227687835693,2.8206679821014404,2.0","1.0,0.0",0.1872154882420105,"3.3112428188323975,1.754624366760254,2.0,4.866403102874756,-0.9848770499229431,1.0,7.195235729217529,2.7114791870117188,2.0,8.471383094787598,-0.04002009704709053,1.0",0
"3.3112428188323975,1.754624366760254,2.0,4.866403102874756,-0.9848770499229431,1.0,7.195235729217529,2.7114791870117188,2.0,8.471383094787598,-0.04002009704709053,1.0","1.0,0.6",0.1568607544810232,"3.2954537868499756,1.3865995407104492,2.0,4.553049564361572,-1.5016251802444458,1.0,7.25868558883667,1.9285240173339844,2.0,8.23755931854248,-0.9422076940536499,1.0",0
"3.2954537868499756,1.3865995407104492,2.0,4.553049564361572,-1.5016251802444458,1.0,7.25868558883667,1.9285240173339844,2.0,8.23755931854248,-0.9422076940536499,1.0","1.0,0.0",0.1495648358180437,"3.23223876953125,1.0208265781402588,2.0,4.179347991943359,-1.9835630655288696,1.0,7.2304840087890625,1.1432689428329468,2.0,7.902253150939941,-1.8144347667694092,1.0",0
"3.23223876953125,1.0208265781402588,2.0,4.179347991943359,-1.9835630655288696,1.0,7.2304840087890625,1.1432689428329468,2.0,7.902253150939941,-1.8144347667694092,1.0","1.0,0.0",0.1461042671093722,"3.0460901260375977,0.9753469228744507,2.0,3.952223539352417,-2.0416436195373535,1.0,7.045633792877197,1.0433595180511475,2.0,7.677087306976318,-1.9232021570205688,1.0",0
"3.0460901260375977,0.9753469228744507,2.0,3.952223539352417,-2.0416436195373535,1.0,7.045633792877197,1.0433595180511475,2.0,7.677087306976318,-1.9232021570205688,1.0","1.0,0.0",0.13819606054240507,"2.844590663909912,0.9738215208053589,2.0,3.7501676082611084,-2.0433497428894043,1.0,6.844144344329834,1.0410948991775513,2.0,7.475050926208496,-1.9255963563919067,1.0",0
"2.844590663909912,0.9738215208053589,2.0,3.7501676082611084,-2.0433497428894043,1.0,6.844144344329834,1.0410948991775513,2.0,7.475050926208496,-1.9255963563919067,1.0","1.0,0.0",0.13072851707096245,"2.642517566680908,0.9745745658874512,2.0,3.5492537021636963,-2.042248010635376,1.0,6.642043590545654,1.043381690979004,2.0,7.27409029006958,-1.923066258430481,1.0",0
"2.642517566680908,0.9745745658874512,2.0,3.5492537021636963,-2.042248010635376,1.0,6.642043590545654,1.043381690979004,2.0,7.27409029006958,-1.923066258430481,1.0","1.0,0.0",0.12371251346929091,"2.441340208053589,0.9742940068244934,2.0,3.3477587699890137,-2.042623996734619,1.0,6.440876483917236,1.0426825284957886,2.0,7.072610378265381,-1.9238321781158447,1.0",0
"2.441340208053589,0.9742940068244934,2.0,3.3477587699890137,-2.042623996734619,1.0,6.440876483917236,1.0426825284957886,2.0,7.072610378265381,-1.9238321781158447,1.0","1.0,0.0",0.11828709634776358,"2.2372987270355225,0.9789287447929382,2.0,3.1507952213287354,-2.035853862762451,1.0,6.236663818359375,1.0567046403884888,2.0,6.875358581542969,-1.9083194732666016,1.0",0
"2.2372987270355225,0.9789287447929382,2.0,3.1507952213287354,-2.035853862762451,1.0,6.236663818359375,1.0567046403884888,2.0,6.875358581542969,-1.9083194732666016,1.0","1.0,0.0",0.11318839228716593,"2.0354747772216797,0.9796351790428162,2.0,2.9500627517700195,-2.034816265106201,1.0,6.034810543060303,1.0588574409484863,2.0,6.674578666687012,-1.9059349298477173,1.0",0
"2.0354747772216797,0.9796351790428162,2.0,2.9500627517700195,-2.034816265106201,1.0,6.034810543060303,1.0588574409484863,2.0,6.674578666687012,-1.9059349298477173,1.0","1.0,0.0",0.10871342966400555,"1.8329746723175049,0.9820834994316101,2.0,2.7517502307891846,-2.031093120574951,1.0,5.832197666168213,1.066863775253296,2.0,6.4760847091674805,-1.8970355987548828,1.0",0
"1.8329746723175049,0.9820834994316101,2.0,2.7517502307891846,-2.031093120574951,1.0,5.832197666168213,1.066863775253296,2.0,6.4760847091674805,-1.8970355987548828,1.0","1.0,0.0",0.1050321229503397,"1.6290175914764404,0.9851991534233093,2.0,2.554760217666626,-2.025845527648926,1.0,5.6280341148376465,1.0792300701141357,2.0,6.278774261474609,-1.8831735849380493,1.0",0
"1.6290175914764404,0.9851991534233093,2.0,2.554760217666626,-2.025845527648926,1.0,5.6280341148376465,1.0792300701141357,2.0,6.278774261474609,-1.8831735849380493,1.0","1.0,0.0",0.1014526738848236,"1.4272229671478271,0.9859251379966736,2.0,2.3544864654541016,-2.0246517658233643,1.0,5.4261884689331055,1.0819741487503052,2.0,6.078425407409668,-1.8801003694534302,1.0",0
"1.4272229671478271,0.9859251379966736,2.0,2.3544864654541016,-2.0246517658233643,1.0,5.4261884689331055,1.0819741487503052,2.0,6.078425407409668,-1.8801003694534302,1.0","1.0,0.0",0.5187846438535662,"1.2245150804519653,0.9876373410224915,2.0,2.1565113067626953,-2.021477699279785,1.0,5.223327159881592,1.089976191520691,2.0,5.880220890045166,-1.8710691928863525,1.0",0
"1.2245150804519653,0.9876373410224915,2.0,2.1565113067626953,-2.021477699279785,1.0,5.223327159881592,1.089976191520691,2.0,5.880220890045166,-1.8710691928863525,1.0","1.0,0.0",0.32708909275063003,"1.0207680463790894,0.9889737963676453,2.0,5.019381046295166,1.098698616027832,2.0,5.6817450523376465,-1.8611278533935547,1.0,9.30313491821289,1.5363653898239136,2.0",0
"1.0207680463790894,0.9889737963676453,2.0,5.019381046295166,1.098698616027832,2.0,5.6817450523376465,-1.8611278533935547,1.0,9.30313491821289,1.5363653898239136,2.0","1.0,0.0",0.25953640070558226,"4.817872047424316,1.100112795829773,2.0,5.481071472167969,-1.8595268726348877,1.0,9.101505279541016,1.5389918088912964,2.0,9.647987365722656,-1.4148142337799072,1.0",0
"4.817872047424316,1.100112795829773,2.0,5.481071472167969,-1.8595268726348877,1.0,9.101505279541016,1.5389918088912964,2.0,9.647987365722656,-1.4148142337799072,1.0","1.0,0.0",0.22223959639879243,"4.614335536956787,1.108483910560608,2.0,5.283203601837158,-1.849879503250122,1.0,8.897120475769043,1.555569052696228,2.0,9.449259757995605,-1.3971842527389526,1.0",0
"4.614335536956787,1.108483910560608,2.0,5.283203601837158,-1.849879503250122,1.0,8.897120475769043,1.555569052696228,2.0,9.449259757995605,-1.3971842527389526,1.0","1.0,0.0",0.19726971002777138,"4.412205219268799,1.1111148595809937,2.0,5.08293342590332,-1.8468265533447266,1.0,8.694700241088867,1.5608830451965332,2.0,9.248696327209473,-1.3915214538574219,1.0",0
"4.412205219268799,1.1111148595809937,2.0,5.08293342590332,-1.8468265533447266,1.0,8.694700241088867,1.5608830451965332,2.0,9.248696327209473,-1.3915214538574219,1.0","1.0,0.0",0.17958230853894586,"4.210611820220947,1.1126128435134888,2.0,4.882309913635254,-1.845108985900879,1.0,8.492965698242188,1.5637919902801514,2.0,9.047929763793945,-1.3884313106536865,1.0",0
"4.210611820220947,1.1126128435134888,2.0,4.882309913635254,-1.845108985900879,1.0,8.492965698242188,1.5637919902801514,2.0,9.047929763793945,-1.3884313106536865,1.0","1.0,0.0",0.16582782466035484,"4.00647497177124,1.120730996131897,2.0,4.6845703125,-1.835531234741211,1.0,8.287843704223633,1.5811762809753418,2.0,8.849193572998047,-1.369840145111084,1.0",0
"4.00647497177124,1.120730996131897,2.0,4.6845703125,-1.835531234741211,1.0,8.287843704223633,1.5811762809753418,2.0,8.849193572998047,-1.369840145111084,1.0","1.0,0.0",0.1545892869022829,"3.80523681640625,1.1201006174087524,2.0,4.482848644256592,-1.8362723588943481,1.0,8.086678504943848,1.579846978187561,2.0,8.64754581451416,-1.3712611198425293,1.0",0
"3.80523681640625,1.1201006174087524,2.0,4.482848644256592,-1.8362723588943481,1.0,8.086678504943848,1.579846978187561,2.0,8.64754581451416,-1.3712611198425293,1.0","1.0,0.0",0.14546076983144207,"3.6031363010406494,1.1228634119033813,2.0,4.282958984375,-1.8330018520355225,1.0,7.884234428405762,1.5858092308044434,2.0,8.447308540344238,-1.3648784160614014,1.0",0
"3.6031363010406494,1.1228634119033813,2.0,4.282958984375,-1.8330018520355225,1.0,7.884234428405762,1.5858092308044434,2.0,8.447308540344238,-1.3648784160614014,1.0","1.0,0.0",0.1379162154200917,"3.3998711109161377,1.1279503107070923,2.0,4.084400177001953,-1.826828122138977,1.0,7.680225372314453,1.5977109670639038,2.0,8.247998237609863,-1.3520758152008057,1.0",0
